{
  "Add New Todo Task" : {
    "transaction" : "Add New Todo Task",
    "sampleCount" : 10,
    "errorCount" : 0,
    "errorPct" : 0.0,
    "meanResTime" : 147.0,
    "medianResTime" : 149.5,
    "minResTime" : 136.0,
    "maxResTime" : 159.0,
    "pct1ResTime" : 158.2,
    "pct2ResTime" : 159.0,
    "pct3ResTime" : 159.0,
    "throughput" : 1.1535355865728458,
    "receivedKBytesPerSec" : 1.0638662187103471,
    "sentKBytesPerSec" : 0.4967863219517822
  },
  "Register" : {
    "transaction" : "Register",
    "sampleCount" : 10,
    "errorCount" : 0,
    "errorPct" : 0.0,
    "meanResTime" : 535.3,
    "medianResTime" : 498.0,
    "minResTime" : 487.0,
    "maxResTime" : 865.0,
    "pct1ResTime" : 829.7,
    "pct2ResTime" : 865.0,
    "pct3ResTime" : 865.0,
    "throughput" : 1.0625863351397302,
    "receivedKBytesPerSec" : 1.451094463925194,
    "sentKBytesPerSec" : 0.2947016788864095
  },
  "Total" : {
    "transaction" : "Total",
    "sampleCount" : 60,
    "errorCount" : 0,
    "errorPct" : 0.0,
    "meanResTime" : 209.93333333333328,
    "medianResTime" : 144.0,
    "minResTime" : 127.0,
    "maxResTime" : 865.0,
    "pct1ResTime" : 497.9,
    "pct2ResTime" : 506.84999999999997,
    "pct3ResTime" : 865.0,
    "throughput" : 5.938242280285036,
    "receivedKBytesPerSec" : 5.626639202296121,
    "sentKBytesPerSec" : 2.1572520783847984
  },
  "tasks" : {
    "transaction" : "tasks",
    "sampleCount" : 30,
    "errorCount" : 0,
    "errorPct" : 0.0,
    "meanResTime" : 144.60000000000002,
    "medianResTime" : 142.0,
    "minResTime" : 127.0,
    "maxResTime" : 225.0,
    "pct1ResTime" : 157.0,
    "pct2ResTime" : 193.09999999999997,
    "pct3ResTime" : 225.0,
    "throughput" : 3.256975355553143,
    "receivedKBytesPerSec" : 2.692729820323526,
    "sentKBytesPerSec" : 1.1100433584844207
  },
  "Delete Todo Task" : {
    "transaction" : "Delete Todo Task",
    "sampleCount" : 10,
    "errorCount" : 0,
    "errorPct" : 0.0,
    "meanResTime" : 143.49999999999997,
    "medianResTime" : 141.5,
    "minResTime" : 137.0,
    "maxResTime" : 158.0,
    "pct1ResTime" : 157.0,
    "pct2ResTime" : 158.0,
    "pct3ResTime" : 158.0,
    "throughput" : 1.166452816983553,
    "receivedKBytesPerSec" : 1.0696281202612854,
    "sentKBytesPerSec" : 0.5239924763793304
  }
}